Step,E_pot,E_kin,Temp,AddedToTrainingSet
0,-126.1673,1.3196,255.2,False
1,-126.1662,1.3186,255.0,False
2,-126.1648,1.3119,253.7,False
3,-126.1638,1.3641,263.8,False
4,-126.1633,1.4533,281.1,False
5,-126.1631,1.4616,282.7,False
6,-126.1624,1.4620,282.8,False
7,-126.1610,1.4437,279.2,False
8,-126.1594,1.4837,287.0,False
9,-126.1579,1.4676,283.8,False
10,-126.1563,1.5072,291.5,False
11,-126.1556,1.5513,300.0,False
12,-126.1551,1.5863,306.8,False
13,-126.1545,1.5630,302.3,False
14,-126.1545,1.5761,304.8,False
15,-126.1541,1.6026,309.9,False
16,-126.1540,1.6244,314.2,False
17,-126.1543,1.6561,320.3,False
18,-126.1546,1.5950,308.5,False
19,-126.1550,1.5951,308.5,False
20,-126.1558,1.6304,315.3,False
21,-126.1571,1.5855,306.6,False
22,-126.1583,1.6508,319.3,False
23,-126.1592,1.6586,320.8,False
24,-126.1594,1.6645,321.9,False
25,-126.1591,1.7323,335.0,False
26,-126.1582,1.7409,336.7,False
27,-126.1573,1.6948,327.8,False
28,-126.1566,1.6786,324.7,False
29,-126.1564,1.7392,336.4,False
30,-126.1563,1.7691,342.2,False
31,-126.1558,1.7539,339.2,False
32,-126.1556,1.8154,351.1,False
33,-126.1548,1.7666,341.7,False
34,-126.1533,1.7978,347.7,False
35,-126.1521,1.7822,344.7,False
36,-126.1506,1.7912,346.4,False
37,-126.1495,1.8355,355.0,False
38,-126.1488,1.8652,360.7,False
39,-126.1479,1.8960,366.7,False
40,-126.1470,1.8778,363.2,False
41,-126.1460,1.9125,369.9,False
42,-126.1441,1.8968,366.9,False
43,-126.1419,1.9905,385.0,False
44,-126.1397,2.0323,393.1,False
45,-126.1370,2.0522,396.9,False
46,-126.1344,2.0888,404.0,False
47,-126.1321,2.0592,398.3,False
48,-126.1298,2.1048,407.1,False
49,-126.1262,2.1730,420.3,False
50,-126.1222,2.1675,419.2,False
51,-126.1183,2.1638,418.5,False
52,-126.1145,2.1276,411.5,False
53,-126.1104,2.0774,401.8,False
54,-126.1067,2.1046,407.0,False
55,-126.1031,2.0981,405.8,False
56,-126.1000,2.1122,408.5,False
57,-126.0963,2.1383,413.6,False
58,-126.0928,2.2434,433.9,False
59,-126.0896,2.1868,422.9,False
60,-126.0863,2.1743,420.5,False
61,-126.0831,2.2392,433.1,False
62,-126.0791,2.1873,423.0,False
63,-126.0737,2.1747,420.6,False
64,-126.0671,2.2481,434.8,False
65,-126.0601,2.2163,428.7,False
66,-126.0529,2.2321,431.7,False
67,-126.0455,2.1648,418.7,False
68,-126.0383,2.2314,431.6,False
69,-126.0311,2.2173,428.9,False
70,-126.0243,2.1986,425.2,False
71,-126.0169,2.2207,429.5,False
72,-126.0090,2.1984,425.2,False
73,-126.0013,2.1961,424.7,False
74,-125.9940,2.1998,425.5,False
75,-125.9879,2.2256,430.4,False
76,-125.9810,2.2020,425.9,False
77,-125.9744,2.1777,421.2,False
78,-125.9687,2.1774,421.1,False
79,-125.9631,2.2035,426.2,False
80,-125.9580,2.1049,407.1,False
81,-125.9529,2.1217,410.4,False
82,-125.9475,2.0902,404.3,False
83,-125.9413,2.0655,399.5,False
84,-125.9356,2.0530,397.1,False
85,-125.9299,2.0295,392.5,False
86,-125.9251,2.0315,392.9,False
87,-125.9214,2.0786,402.0,False
88,-125.9186,2.1006,406.3,False
89,-125.9158,2.0783,402.0,False
90,-125.9135,2.1048,407.1,False
91,-125.9122,2.1819,422.0,False
92,-125.9118,2.2750,440.0,False
93,-125.9119,2.2749,440.0,False
94,-125.9127,2.2631,437.7,False
95,-125.9138,2.2826,441.5,False
96,-125.9142,2.2926,443.4,False
97,-125.9149,2.2668,438.4,False
98,-125.9163,2.2512,435.4,False
99,-125.9182,2.2637,437.8,False
100,-125.9213,2.2747,439.9,False
101,-125.9247,2.2726,439.5,False
102,-125.9289,2.3185,448.4,False
103,-125.9326,2.3530,455.1,False
104,-125.9358,2.3338,451.4,False
105,-125.9394,2.2790,440.8,False
106,-125.9440,2.3008,445.0,False
107,-125.9492,2.2983,444.5,False
108,-125.9545,2.3318,451.0,False
109,-125.9595,2.3067,446.1,False
110,-125.9645,2.2947,443.8,False
111,-125.9695,2.2523,435.6,False
112,-125.9748,2.2706,439.1,False
113,-125.9801,2.2711,439.2,False
114,-125.9851,2.3535,455.2,False
115,-125.9901,2.3524,455.0,False
116,-125.9949,2.3452,453.6,False
117,-125.9999,2.3493,454.4,False
118,-126.0043,2.3512,454.7,False
119,-126.0092,2.2735,439.7,False
120,-126.0138,2.2350,432.3,False
121,-126.0186,2.2098,427.4,False
122,-126.0232,2.1821,422.0,False
123,-126.0275,2.1720,420.1,False
124,-126.0322,2.2651,438.1,False
125,-126.0372,2.2758,440.2,False
126,-126.0418,2.2917,443.2,False
127,-126.0465,2.3380,452.2,False
128,-126.0515,2.2851,442.0,False
129,-126.0567,2.2388,433.0,False
130,-126.0619,2.2921,443.3,False
131,-126.0664,2.3480,454.1,False
132,-126.0701,2.3916,462.6,False
133,-126.0736,2.4486,473.6,False
134,-126.0766,2.3719,458.7,False
135,-126.0792,2.4746,478.6,False
136,-126.0818,2.4397,471.9,False
137,-126.0841,2.4336,470.7,False
138,-126.0860,2.4412,472.2,False
139,-126.0874,2.4678,477.3,False
140,-126.0886,2.5384,491.0,False
141,-126.0897,2.5437,492.0,False
142,-126.0905,2.4932,482.2,False
143,-126.0907,2.4635,476.5,False
144,-126.0902,2.4758,478.8,False
145,-126.0896,2.3967,463.6,False
146,-126.0883,2.4001,464.2,False
147,-126.0872,2.4127,466.6,False
148,-126.0860,2.3671,457.8,False
149,-126.0837,2.3466,453.8,False
150,-126.0807,2.3581,456.1,False
151,-126.0767,2.3895,462.1,False
152,-126.0726,2.3861,461.5,False
153,-126.0681,2.3932,462.9,False
154,-126.0630,2.4189,467.8,False
155,-126.0574,2.4168,467.4,False
156,-126.0517,2.4057,465.3,False
157,-126.0454,2.3605,456.5,False
158,-126.0385,2.4163,467.3,False
159,-126.0310,2.4223,468.5,False
160,-126.0230,2.4013,464.4,False
161,-126.0150,2.4649,476.7,False
162,-126.0065,2.4507,474.0,False
163,-125.9975,2.4435,472.6,False
164,-125.9882,2.4230,468.6,False
165,-125.9783,2.4195,467.9,False
166,-125.9673,2.4435,472.6,False
167,-125.9556,2.4762,478.9,False
168,-125.9442,2.5257,488.5,False
169,-125.9324,2.5595,495.0,False
170,-125.9200,2.5889,500.7,False
171,-125.9075,2.4889,481.4,False
172,-125.8951,2.4888,481.4,False
173,-125.8832,2.3837,461.0,False
174,-125.8715,2.3363,451.9,False
175,-125.8604,2.2834,441.6,False
176,-125.8490,2.2927,443.4,False
177,-125.8378,2.2719,439.4,False
178,-125.8278,2.2418,433.6,False
179,-125.8186,2.2563,436.4,False
180,-125.8103,2.2284,431.0,False
181,-125.8023,2.2739,439.8,False
182,-125.7946,2.3500,454.5,False
183,-125.7873,2.3831,460.9,False
184,-125.7802,2.3933,462.9,False
185,-125.7727,2.4024,464.6,False
186,-125.7653,2.4398,471.9,False
187,-125.7587,2.4080,465.7,False
188,-125.7525,2.3867,461.6,False
189,-125.7472,2.3747,459.3,False
190,-125.7418,2.3712,458.6,False
191,-125.7360,2.3497,454.5,False
192,-125.7304,2.3860,461.5,False
193,-125.7255,2.3950,463.2,False
194,-125.7207,2.4046,465.1,False
195,-125.7154,2.4164,467.4,False
196,-125.7100,2.3991,464.0,False
197,-125.7044,2.4528,474.4,False
198,-125.6984,2.4842,480.5,False
199,-125.6919,2.4609,476.0,False
200,-125.6856,2.4818,480.0,False
201,-125.6793,2.4785,479.4,False
202,-125.6731,2.5190,487.2,False
203,-125.6682,2.5161,486.6,False
204,-125.6639,2.4280,469.6,False
205,-125.6601,2.4739,478.5,False
206,-125.6838,2.4201,468.1,True
207,-125.6525,2.3853,461.3,False
208,-125.6482,2.3283,450.3,False
209,-125.6442,2.3142,447.6,False
210,-125.6403,2.3053,445.9,False
211,-125.6361,2.2911,443.1,False
212,-125.6313,2.2229,429.9,False
213,-125.6266,2.2036,426.2,False
214,-125.6218,2.3527,455.0,False
215,-125.6171,2.4211,468.3,False
216,-125.6366,2.3936,462.9,True
217,-125.6077,2.5100,485.4,False
218,-125.6043,2.4183,467.7,False
219,-125.6013,2.4482,473.5,False
220,-125.5991,2.4461,473.1,False
221,-125.5972,2.4660,476.9,False
222,-125.5959,2.5026,484.0,False
223,-125.5955,2.4920,482.0,False
224,-125.5950,2.4238,468.8,False
225,-125.5947,2.4015,464.5,False
226,-125.6202,2.4331,470.6,True
227,-125.5960,2.4526,474.4,False
228,-125.5971,2.4172,467.5,False
229,-125.5986,2.4195,467.9,False
230,-125.5999,2.3478,454.1,False
231,-125.6015,2.3444,453.4,False
232,-125.6046,2.3203,448.8,False
233,-125.6074,2.2866,442.2,False
234,-125.6103,2.2760,440.2,False
235,-125.6133,2.2767,440.3,False
236,-125.6423,2.2786,440.7,True
237,-125.6210,2.3566,455.8,False
238,-125.6259,2.3415,452.9,False
239,-125.6321,2.3084,446.5,False
240,-125.6382,2.2952,443.9,False
241,-125.6445,2.3437,453.3,False
242,-125.6506,2.3216,449.0,False
243,-125.6567,2.3480,454.1,False
244,-125.6632,2.3339,451.4,False
245,-125.6704,2.3667,457.7,False
246,-125.7044,2.3311,450.9,True
247,-125.6847,2.3758,459.5,False
248,-125.6912,2.3626,456.9,False
249,-125.6967,2.3160,447.9,False
250,-125.7018,2.2301,431.3,False
251,-125.7070,2.2426,433.7,False
252,-125.7118,2.2711,439.2,False
253,-125.7165,2.3292,450.5,False
254,-125.7219,2.4181,467.7,False
255,-125.7272,2.4106,466.2,False
256,-125.7564,2.4608,475.9,True
257,-125.7381,2.4380,471.5,False
258,-125.7429,2.4099,466.1,False
259,-125.7485,2.4612,476.0,False
260,-125.7544,2.4306,470.1,False
261,-125.7602,2.4618,476.1,False
262,-125.7662,2.4794,479.5,False
263,-125.7723,2.4502,473.9,False
264,-125.7780,2.4978,483.1,False
265,-125.7834,2.5159,486.6,False
266,-125.8139,2.6424,511.1,True
267,-125.7937,2.6381,510.2,False
268,-125.7986,2.6779,517.9,False
269,-125.8028,2.6938,521.0,False
270,-125.8062,2.5964,502.2,False
271,-125.8093,2.6151,505.8,False
272,-125.8123,2.5847,499.9,False
273,-125.8155,2.5348,490.3,False
274,-125.8185,2.6072,504.3,False
275,-125.8213,2.6612,514.7,False
276,-125.8503,2.6992,522.0,True
277,-125.8251,2.7319,528.4,False
278,-125.8271,2.7006,522.3,False
279,-125.8289,2.7504,532.0,False
280,-125.8306,2.7622,534.2,False
281,-125.8326,2.7757,536.9,False
282,-125.8353,2.7740,536.5,False
283,-125.8382,2.8638,553.9,False
284,-125.8405,2.7546,532.8,False
285,-125.8430,2.8174,544.9,False
286,-125.8732,2.8051,542.5,True
287,-125.8468,2.7739,536.5,False
288,-125.8488,2.7030,522.8,False
289,-125.8502,2.6965,521.5,False
290,-125.8514,2.6973,521.7,False
291,-125.8521,2.7122,524.6,False
292,-125.8524,2.6958,521.4,False
293,-125.8524,2.6296,508.6,False
294,-125.8521,2.6578,514.0,False
295,-125.8519,2.6229,507.3,False
296,-125.8848,2.5681,496.7,True
297,-125.8515,2.5076,485.0,False
298,-125.8507,2.4639,476.5,False
299,-125.8491,2.4688,477.5,False
300,-125.8476,2.3567,455.8,False
301,-125.8464,2.3246,449.6,False
302,-125.8454,2.3716,458.7,False
303,-125.8446,2.3768,459.7,False
304,-125.8437,2.3957,463.4,False
305,-125.8426,2.3880,461.9,False
306,-125.8827,2.3506,454.6,True
307,-125.8402,2.3778,459.9,False
308,-125.8383,2.3592,456.3,False
309,-125.8365,2.4056,465.3,False
310,-125.8348,2.3552,455.5,False
311,-125.8331,2.4197,468.0,False
312,-125.8307,2.4583,475.5,False
313,-125.8273,2.5171,486.8,False
314,-125.8240,2.4867,480.9,False
315,-125.8205,2.5579,494.7,False
316,-125.8680,2.5635,495.8,True
317,-125.8120,2.5426,491.8,False
318,-125.8075,2.5141,486.2,False
319,-125.8033,2.4785,479.4,False
320,-125.7991,2.4131,466.7,False
321,-125.7949,2.4667,477.1,False
322,-125.7906,2.5029,484.1,False
323,-125.7862,2.4847,480.6,False
324,-125.7818,2.4949,482.5,False
325,-125.7765,2.5167,486.8,False
326,-125.8330,2.5197,487.3,True
327,-125.7649,2.6250,507.7,False
328,-125.7592,2.6998,522.2,False
329,-125.7532,2.7143,525.0,False
330,-125.7461,2.7147,525.1,False
331,-125.7379,2.7044,523.1,False
332,-125.7298,2.6998,522.2,False
333,-125.7218,2.6368,510.0,False
334,-125.7147,2.5882,500.6,False
335,-125.7080,2.5430,491.8,False
336,-125.7711,2.4838,480.4,True
337,-125.6945,2.4381,471.6,False
338,-125.6872,2.4391,471.7,False
339,-125.6792,2.4734,478.4,False
340,-125.6714,2.4495,473.7,False
341,-125.6636,2.5049,484.5,False
342,-125.6558,2.4576,475.3,False
343,-125.6477,2.4940,482.4,False
344,-125.6399,2.4727,478.2,False
345,-125.6330,2.4439,472.7,False
346,-125.7019,2.4613,476.0,True
347,-125.6207,2.4853,480.7,False
348,-125.6146,2.5128,486.0,False
349,-125.6085,2.5197,487.3,False
350,-125.6016,2.5326,489.8,False
351,-125.5941,2.5475,492.7,False
352,-125.5878,2.5736,497.8,False
353,-125.5815,2.5956,502.0,False
354,-125.5756,2.5212,487.6,False
355,-125.5699,2.5396,491.2,False
356,-125.6445,2.5168,486.8,True
357,-125.5609,2.5603,495.2,False
358,-125.5569,2.5353,490.3,False
359,-125.5536,2.6165,506.1,False
360,-125.5510,2.6472,512.0,False
361,-125.5485,2.6303,508.7,False
362,-125.5467,2.6430,511.2,False
363,-125.5454,2.5565,494.5,False
364,-125.5443,2.5619,495.5,False
365,-125.5433,2.5942,501.7,False
366,-125.6235,2.6235,507.4,True
367,-125.5419,2.6904,520.3,False
368,-125.5408,2.6662,515.7,False
369,-125.5390,2.7159,525.3,False
370,-125.5368,2.7863,538.9,False
371,-125.5350,2.7964,540.8,False
372,-125.5337,2.7862,538.9,False
373,-125.5330,2.7897,539.6,False
374,-125.5325,2.7033,522.8,False
375,-125.5322,2.6854,519.4,False
376,-125.6101,2.7364,529.3,True
377,-125.5311,2.7108,524.3,False
378,-125.5308,2.7227,526.6,False
379,-125.5303,2.7385,529.6,False
380,-125.5290,2.7868,539.0,False
381,-125.5274,2.6442,511.4,False
382,-125.5257,2.6196,506.7,False
383,-125.5244,2.6596,514.4,False
384,-125.5237,2.6749,517.4,False
385,-125.5231,2.6967,521.6,False
386,-125.5979,2.7570,533.2,True
387,-125.5241,2.7262,527.3,False
388,-125.5249,2.6905,520.4,False
389,-125.5254,2.6696,516.3,False
390,-125.5255,2.6437,511.3,False
391,-125.5257,2.6907,520.4,False
392,-125.5259,2.6070,504.2,False
393,-125.5255,2.6286,508.4,False
394,-125.5252,2.6381,510.2,False
395,-125.5247,2.6000,502.9,False
396,-125.5926,2.6130,505.4,True
397,-125.5240,2.6238,507.5,False
398,-125.5232,2.6401,510.6,False
399,-125.5213,2.6889,520.1,False
400,-125.5189,2.6520,512.9,False
401,-125.5161,2.6869,519.7,False
402,-125.5132,2.6099,504.8,False
403,-125.5099,2.6313,508.9,False
404,-125.5061,2.7194,526.0,False
405,-125.5021,2.7197,526.0,False
406,-125.5520,2.7299,528.0,True
407,-125.4934,2.7347,528.9,False
408,-125.4889,2.7617,534.1,False
409,-125.4844,2.7244,526.9,False
410,-125.4794,2.7576,533.3,False
411,-125.4736,2.7809,537.8,False
412,-125.4681,2.8395,549.2,False
413,-125.4635,2.9208,564.9,False
414,-125.4587,2.8063,542.8,False
415,-125.4541,2.8454,550.3,False
416,-125.4902,2.8529,551.8,True
417,-125.4459,2.8232,546.0,False
418,-125.4421,2.8051,542.5,False
419,-125.4390,2.8821,557.4,False
420,-125.4363,2.9395,568.5,False
421,-125.4342,2.9201,564.8,False
422,-125.4323,2.8301,547.4,False
423,-125.4300,2.8044,542.4,False
424,-125.4273,2.9303,566.7,False
425,-125.4248,3.0103,582.2,False
426,-125.4457,3.0488,589.7,True
427,-125.4222,2.9786,576.1,False
428,-125.4218,3.0137,582.9,False
429,-125.4216,2.9770,575.8,False
430,-125.4214,2.8143,544.3,False
431,-125.4208,2.7560,533.0,False
432,-125.4202,2.7341,528.8,False
433,-125.4195,2.7760,536.9,False
434,-125.4194,2.7617,534.1,False
435,-125.4188,2.8419,549.7,False
436,-125.4209,2.8969,560.3,True
437,-125.4192,2.9717,574.7,False
438,-125.4198,3.0157,583.3,False
439,-125.4206,3.0312,586.3,False
440,-125.4213,3.0677,593.3,False
441,-125.4222,3.0593,591.7,False
442,-125.4238,3.0555,591.0,False
443,-125.4257,3.0745,594.6,False
444,-125.4279,3.0555,591.0,False
445,-125.4302,3.1083,601.2,False
446,-125.4202,3.0920,598.0,True
447,-125.4357,3.0452,589.0,False
448,-125.4386,3.0905,597.7,False
449,-125.4407,3.1617,611.5,False
450,-125.4417,3.1379,606.9,False
451,-125.4425,3.1321,605.8,False
452,-125.4433,3.1297,605.3,False
453,-125.4448,3.0995,599.5,False
454,-125.4466,3.1770,614.5,False
455,-125.4482,3.1760,614.3,False
456,-125.4375,3.1355,606.4,True
457,-125.4510,3.1870,616.4,False
458,-125.4528,3.2094,620.7,False
459,-125.4542,3.2264,624.0,False
460,-125.4555,3.1878,616.5,False
461,-125.4560,3.1370,606.7,False
462,-125.4563,3.1013,599.8,False
463,-125.4564,3.0924,598.1,False
464,-125.4554,3.0977,599.1,False
465,-125.4536,3.1534,609.9,False
466,-125.4511,3.2476,628.1,True
467,-125.4486,3.2306,624.8,False
468,-125.4458,3.2074,620.3,False
469,-125.4430,3.2876,635.9,False
470,-125.4403,3.2646,631.4,False
471,-125.4383,3.2538,629.3,False
472,-125.4361,3.1573,610.7,False
473,-125.4341,3.1050,600.5,False
474,-125.4321,3.1502,609.3,False
475,-125.4307,3.2667,631.8,False
476,-125.4483,3.2136,621.5,True
477,-125.4299,3.2966,637.6,False
478,-125.4297,3.3056,639.3,False
479,-125.4299,3.4005,657.7,False
480,-125.4304,3.2749,633.4,False
481,-125.4302,3.1703,613.2,False
482,-125.4296,3.0922,598.0,False
483,-125.4288,3.0531,590.5,False
484,-125.4288,3.0437,588.7,False
485,-125.4290,3.0673,593.2,False
486,-125.4606,2.9756,575.5,True
487,-125.4275,2.9757,575.5,False
488,-125.4251,2.9035,561.6,False
489,-125.4225,2.9203,564.8,False
490,-125.4205,2.8910,559.2,False
491,-125.4180,2.8744,555.9,False
492,-125.4159,2.9229,565.3,False
493,-125.4145,2.8598,553.1,False
494,-125.4129,2.8215,545.7,False
495,-125.4112,2.6951,521.3,False
496,-125.4446,2.7207,526.2,True
497,-125.4035,2.7559,533.0,False
498,-125.4013,2.7692,535.6,False
499,-125.3989,2.7309,528.2,False
500,-125.3968,2.7317,528.3,False
501,-125.3947,2.7960,540.8,False
502,-125.3932,2.7546,532.8,False
503,-125.3927,2.7980,541.1,False
504,-125.3922,2.7657,534.9,False
505,-125.3915,2.7920,540.0,False
506,-125.3914,2.7302,528.0,False
507,-125.3918,2.7056,523.3,False
508,-125.3909,2.7779,537.3,False
509,-125.3897,2.7392,529.8,False
510,-125.3900,2.7926,540.1,False
511,-125.3911,2.7370,529.4,False
512,-125.3913,2.7216,526.4,False
513,-125.3918,2.6869,519.7,False
514,-125.3922,2.6636,515.2,False
515,-125.3917,2.6550,513.5,False
516,-125.3915,2.6720,516.8,False
517,-125.3914,2.7039,523.0,False
518,-125.3910,2.7088,523.9,False
519,-125.3894,2.7850,538.7,False
520,-125.3878,2.7613,534.0,False
521,-125.3863,2.7573,533.3,False
522,-125.3859,2.8169,544.8,False
523,-125.3859,2.8222,545.8,False
524,-125.3855,2.7915,539.9,False
525,-125.3846,2.8275,546.9,False
526,-125.3843,2.8903,559.0,False
527,-125.3847,2.8491,551.0,False
528,-125.3860,2.7754,536.8,False
529,-125.3886,2.8276,546.9,False
530,-125.3926,2.9055,562.0,False
531,-125.3965,2.8265,546.7,False
532,-125.3989,2.8359,548.5,False
533,-125.4008,2.9377,568.2,False
534,-125.4031,2.9817,576.7,False
535,-125.4064,3.0274,585.5,False
536,-125.4099,2.9547,571.5,False
537,-125.4145,2.9620,572.9,False
538,-125.4071,2.9211,565.0,True
539,-125.4225,2.8854,558.1,False
540,-125.4257,2.8702,555.1,False
541,-125.4292,2.8708,555.2,False
542,-125.4324,2.9472,570.0,False
543,-125.4359,3.0279,585.6,False
544,-125.4402,2.9997,580.2,False
545,-125.4447,2.9508,570.7,False
546,-125.4500,2.9508,570.7,False
547,-125.4549,2.9658,573.6,False
548,-125.4346,2.9732,575.0,True
549,-125.4640,2.9502,570.6,False
550,-125.4692,2.9197,564.7,False
551,-125.4739,2.8734,555.7,False
552,-125.4783,2.9135,563.5,False
553,-125.4814,2.8499,551.2,False
554,-125.4829,2.8653,554.2,False
555,-125.4844,2.9322,567.1,False
556,-125.4861,2.9895,578.2,False
557,-125.4880,2.9948,579.2,False
558,-125.4604,3.0776,595.2,True
559,-125.4939,3.1424,607.8,False
560,-125.4963,3.2479,628.2,False
561,-125.4992,3.2390,626.5,False
562,-125.5023,3.1926,617.5,False
563,-125.5057,3.2295,624.6,False
564,-125.5093,3.2006,619.0,False
565,-125.5120,3.2058,620.0,False
566,-125.5145,3.1712,613.3,False
567,-125.5170,3.1175,603.0,False
568,-125.4837,3.1902,617.0,True
569,-125.5237,3.1523,609.7,False
570,-125.5264,3.1813,615.3,False
571,-125.5283,3.2299,624.7,False
572,-125.5297,3.1500,609.2,False
573,-125.5308,3.1570,610.6,False
574,-125.5312,3.1512,609.5,False
575,-125.5319,3.1138,602.2,False
576,-125.5323,3.1125,602.0,False
577,-125.5322,3.1612,611.4,False
578,-125.4945,3.1697,613.0,True
579,-125.5316,3.2032,619.5,False
580,-125.5321,3.2440,627.4,False
581,-125.5329,3.2670,631.9,False
582,-125.5331,3.1835,615.7,False
583,-125.5332,3.1350,606.3,False
584,-125.5335,3.0831,596.3,False
585,-125.5331,2.9917,578.6,False
586,-125.5318,2.9460,569.8,False
587,-125.5310,2.9230,565.3,False
588,-125.4958,2.9226,565.3,True
589,-125.5287,2.9010,561.1,False
590,-125.5269,2.9615,572.8,False
591,-125.5245,2.9437,569.3,False
592,-125.5217,2.9507,570.7,False
593,-125.5184,2.9167,564.1,False
594,-125.5149,2.9965,579.6,False
595,-125.5108,2.9577,572.0,False
596,-125.5062,3.0055,581.3,False
597,-125.5018,2.9305,566.8,False
598,-125.4648,2.9599,572.5,True
599,-125.4931,2.9815,576.6,False
600,-125.4885,2.9473,570.0,False
601,-125.4835,3.0318,586.4,False
602,-125.4781,3.0150,583.1,False
603,-125.4718,3.0107,582.3,False
604,-125.4660,3.0109,582.3,False
605,-125.4601,3.0693,593.6,False
606,-125.4543,3.0988,599.3,False
607,-125.4486,3.1076,601.0,False
608,-125.4134,3.0243,584.9,True
609,-125.4356,3.0258,585.2,False
610,-125.4293,2.9807,576.5,False
611,-125.4238,2.9565,571.8,False
612,-125.4184,3.0066,581.5,False
613,-125.4131,2.9949,579.2,False
614,-125.4072,2.9617,572.8,False
615,-125.4011,2.9748,575.4,False
616,-125.3951,2.9545,571.4,False
617,-125.3896,2.9276,566.2,False
618,-125.3597,2.8478,550.8,True
619,-125.3785,2.8787,556.8,False
620,-125.3737,2.8558,552.3,False
621,-125.3699,2.7988,541.3,False
622,-125.3661,2.8061,542.7,False
623,-125.3625,2.9089,562.6,False
624,-125.3585,2.9181,564.4,False
625,-125.3541,2.9089,562.6,False
626,-125.3498,2.8671,554.5,False
627,-125.3453,2.7986,541.3,False
628,-125.3222,2.8192,545.2,True
629,-125.3361,2.8568,552.5,False
630,-125.3316,2.8622,553.6,False
631,-125.3269,2.8155,544.5,False
632,-125.3218,2.8260,546.6,False
633,-125.3164,2.7763,537.0,False
634,-125.3113,2.8178,545.0,False
635,-125.3057,2.7915,539.9,False
636,-125.3002,2.7807,537.8,False
637,-125.2942,2.7636,534.5,False
638,-125.2705,2.8194,545.3,True
639,-125.2804,2.7663,535.0,False
640,-125.2737,2.7334,528.7,False
641,-125.2679,2.7355,529.1,False
642,-125.2634,2.7009,522.4,False
643,-125.2592,2.6936,521.0,False
644,-125.2548,2.6726,516.9,False
645,-125.2503,2.7984,541.2,False
646,-125.2458,2.8025,542.0,False
647,-125.2422,2.7966,540.9,False
648,-125.2176,2.8556,552.3,True
649,-125.2385,2.8316,547.6,False
650,-125.2367,2.8572,552.6,False
651,-125.2342,2.7658,534.9,False
652,-125.2318,2.7771,537.1,False
653,-125.2294,2.7861,538.9,False
654,-125.2265,2.7546,532.8,False
655,-125.2229,2.6850,519.3,False
656,-125.2195,2.6550,513.5,False
657,-125.2160,2.6572,513.9,False
658,-125.1796,2.6327,509.2,True
659,-125.2087,2.5745,497.9,False
660,-125.2040,2.5641,495.9,False
661,-125.1990,2.5880,500.5,False
662,-125.1939,2.5725,497.5,False
663,-125.1893,2.5321,489.7,False
664,-125.1844,2.4869,481.0,False
665,-125.1793,2.4190,467.9,False
666,-125.1744,2.4696,477.6,False
667,-125.1690,2.4776,479.2,False
668,-125.1159,2.4720,478.1,True
669,-125.1598,2.4922,482.0,False
670,-125.1550,2.4659,476.9,False
671,-125.1510,2.5347,490.2,False
672,-125.1467,2.5459,492.4,False
673,-125.1424,2.5406,491.4,False
674,-125.1378,2.5272,488.8,False
675,-125.1341,2.5707,497.2,False
676,-125.1304,2.5763,498.3,False
677,-125.1260,2.5107,485.6,False
678,-125.0498,2.5374,490.7,True
679,-125.1160,2.5310,489.5,False
680,-125.1107,2.5632,495.7,False
681,-125.1046,2.5470,492.6,False
682,-125.0989,2.5636,495.8,False
683,-125.0932,2.5250,488.4,False
684,-125.0884,2.5353,490.3,False
685,-125.0835,2.4768,479.0,False
686,-125.0787,2.4618,476.1,False
687,-125.0743,2.4645,476.6,False
688,-124.9742,2.4574,475.3,True
689,-125.0633,2.4576,475.3,False
690,-125.0572,2.4699,477.7,False
691,-125.0514,2.4085,465.8,False
692,-125.0459,2.3855,461.4,False
693,-125.0407,2.4401,471.9,False
694,-125.0358,2.4512,474.1,False
695,-125.0313,2.3941,463.0,False
696,-125.0261,2.4575,475.3,False
697,-125.0208,2.5608,495.3,False
698,-124.9027,2.5783,498.7,True
699,-125.0110,2.5091,485.3,False
700,-125.0057,2.5231,488.0,False
701,-125.0003,2.5143,486.3,False
702,-124.9944,2.5250,488.4,False
703,-124.9886,2.5353,490.3,False
704,-124.9833,2.5724,497.5,False
705,-124.9778,2.5714,497.3,False
706,-124.9728,2.5361,490.5,False
707,-124.9686,2.5206,487.5,False
708,-124.8339,2.6052,503.9,True
709,-124.9620,2.5276,488.9,False
710,-124.9583,2.5088,485.2,False
711,-124.9538,2.4312,470.2,False
712,-124.9497,2.3903,462.3,False
713,-124.9461,2.4689,477.5,False
714,-124.9424,2.5370,490.7,False
715,-124.9393,2.5095,485.4,False
716,-124.9379,2.4663,477.0,False
717,-124.9369,2.4882,481.2,False
718,-124.7921,2.5787,498.7,True
719,-124.9375,2.6267,508.0,False
720,-124.9384,2.6725,516.9,False
721,-124.9394,2.7187,525.8,False
722,-124.9407,2.6393,510.5,False
723,-124.9421,2.6131,505.4,False
724,-124.9431,2.6343,509.5,False
725,-124.9429,2.5893,500.8,False
726,-124.9427,2.6340,509.4,False
727,-124.9427,2.5641,495.9,False
728,-124.7862,2.5240,488.2,True
729,-124.9433,2.4943,482.4,False
730,-124.9440,2.5193,487.3,False
731,-124.9448,2.4520,474.2,False
732,-124.9457,2.5096,485.4,False
733,-124.9471,2.5507,493.3,False
734,-124.9487,2.5997,502.8,False
735,-124.9501,2.6785,518.0,False
736,-124.9524,2.7049,523.2,False
737,-124.9546,2.7847,538.6,False
738,-124.7877,2.7620,534.2,True
739,-124.9604,2.7383,529.6,False
740,-124.9634,2.7394,529.8,False
741,-124.9665,2.7180,525.7,False
742,-124.9700,2.6718,516.7,False
743,-124.9748,2.7447,530.8,False
744,-124.9800,2.7941,540.4,False
745,-124.9856,2.7740,536.5,False
746,-124.9916,2.7895,539.5,False
747,-124.9978,2.7560,533.0,False
748,-124.8260,2.8611,553.4,True
749,-125.0117,2.8837,557.7,False
750,-125.0179,2.9673,573.9,False
751,-125.0241,3.0002,580.3,False
752,-125.0297,3.0377,587.5,False
753,-125.0350,3.0095,582.1,False
754,-125.0397,3.0101,582.2,False
755,-125.0445,2.9957,579.4,False
756,-125.0492,3.0284,585.7,False
757,-125.0547,3.0014,580.5,False
758,-124.8746,2.9992,580.1,True
759,-125.0681,3.0511,590.1,False
760,-125.0751,3.1061,600.8,False
761,-125.0827,3.1228,604.0,False
762,-125.0890,3.1575,610.7,False
763,-125.0940,3.0867,597.0,False
764,-125.0994,3.1173,602.9,False
765,-125.1046,3.0526,590.4,False
766,-125.1089,3.0324,586.5,False
767,-125.1129,3.1185,603.1,False
768,-124.9236,3.1596,611.1,True
769,-125.1207,3.1594,611.1,False
770,-125.1243,3.1922,617.4,False
771,-125.1275,3.1813,615.3,False
772,-125.1298,3.1504,609.3,False
773,-125.1311,3.0874,597.1,False
774,-125.1319,3.0896,597.6,False
775,-125.1320,3.0749,594.7,False
776,-125.1319,3.0538,590.6,False
777,-125.1316,3.0167,583.5,False
778,-124.9356,2.9379,568.2,True
779,-125.1301,2.8990,560.7,False
780,-125.1297,2.9182,564.4,False
781,-125.1293,2.9602,572.5,False
782,-125.1290,2.9990,580.0,False
783,-125.1282,2.9329,567.2,False
784,-125.1261,2.9549,571.5,False
785,-125.1235,3.0043,581.1,False
786,-125.1213,3.0041,581.0,False
787,-125.1196,3.0744,594.6,False
788,-124.9234,3.0553,590.9,True
789,-125.1178,3.0479,589.5,False
790,-125.1178,2.9929,578.9,False
791,-125.1182,2.9963,579.5,False
792,-125.1185,2.8550,552.2,False
793,-125.1188,2.8110,543.7,False
794,-125.1192,2.8177,545.0,False
795,-125.1196,2.7346,528.9,False
796,-125.1201,2.7292,527.9,False
797,-125.1204,2.7421,530.3,False
798,-124.9348,2.6978,521.8,True
799,-125.1229,2.7440,530.7,False
800,-125.1241,2.8687,554.8,False
801,-125.1255,2.8957,560.1,False
802,-125.1270,2.8603,553.2,False
803,-125.1290,2.7655,534.9,False
804,-125.1310,2.7302,528.0,False
805,-125.1329,2.6764,517.6,False
806,-125.1349,2.7052,523.2,False
807,-125.1374,2.7331,528.6,False
808,-124.9668,2.7788,537.5,True
809,-125.1449,2.8252,546.4,False
810,-125.1492,2.7789,537.5,False
811,-125.1543,2.7010,522.4,False
812,-125.1597,2.7154,525.2,False
813,-125.1664,2.6924,520.7,False
814,-125.1742,2.6901,520.3,False
815,-125.1823,2.7779,537.3,False
816,-125.1906,2.7691,535.6,False
817,-125.1984,2.8075,543.0,False
818,-125.0515,2.7614,534.1,True
819,-125.2138,2.7864,538.9,False
820,-125.2213,2.7670,535.2,False
821,-125.2282,2.6579,514.1,False
822,-125.2347,2.7124,524.6,False
823,-125.2406,2.6878,519.9,False
824,-125.2458,2.7277,527.6,False
825,-125.2501,2.7740,536.5,False
826,-125.2541,2.8260,546.6,False
827,-125.2577,2.8871,558.4,False
828,-125.1287,2.9122,563.2,True
829,-125.1437,2.9002,560.9,False
830,-125.1483,2.8974,560.4,False
831,-125.1520,2.9740,575.2,False
832,-125.1552,3.0834,596.3,False
833,-125.1579,3.1070,600.9,False
834,-125.1604,3.1578,610.8,False
835,-125.1624,3.1761,614.3,False
836,-125.1638,3.1617,611.5,False
837,-125.1641,3.1310,605.6,False
838,-125.1628,3.1119,601.9,True
839,-125.1650,3.1781,614.7,False
840,-125.1651,3.2803,634.4,False
841,-125.1653,3.2412,626.9,False
842,-125.1652,3.2777,633.9,False
843,-125.1640,3.2999,638.2,False
844,-125.1624,3.2414,626.9,False
845,-125.1603,3.1621,611.6,False
846,-125.1578,3.1322,605.8,False
847,-125.1566,3.1730,613.7,False
848,-125.1631,3.1602,611.2,True
849,-125.1545,3.1295,605.3,False
850,-125.1537,3.1760,614.3,False
851,-125.1530,3.1190,603.2,False
852,-125.1525,3.0947,598.5,False
853,-125.1517,3.0375,587.5,False
854,-125.1503,3.0619,592.2,False
855,-125.1489,3.0729,594.3,False
856,-125.1472,2.9623,572.9,False
857,-125.1453,2.9528,571.1,False
858,-125.1603,2.8824,557.5,True
859,-125.1429,2.9109,563.0,False
860,-125.1419,2.9052,561.9,False
861,-125.1415,2.8750,556.0,False
862,-125.1420,2.8766,556.4,False
863,-125.1445,2.8519,551.6,False
864,-125.1477,2.7678,535.3,False
865,-125.1507,2.6860,519.5,False
866,-125.1543,2.6670,515.8,False
867,-125.1589,2.6739,517.2,False
868,-125.1817,2.6726,516.9,True
869,-125.1701,2.6642,515.3,False
870,-125.1754,2.7105,524.2,False
871,-125.1806,2.7172,525.5,False
872,-125.1868,2.7406,530.1,False
873,-125.1925,2.7633,534.4,False
874,-125.1974,2.6808,518.5,False
875,-125.2016,2.7113,524.4,False
876,-125.2050,2.7727,536.3,False
877,-125.2082,2.8186,545.1,False
878,-125.2268,2.7706,535.9,True
879,-125.2139,2.6925,520.7,False
880,-125.2155,2.7547,532.8,False
881,-125.2167,2.7483,531.5,False
882,-125.2173,2.7588,533.6,False
883,-125.2181,2.7476,531.4,False
884,-125.2192,2.7000,522.2,False
885,-125.2203,2.7078,523.7,False
886,-125.2211,2.6752,517.4,False
887,-125.2218,2.7338,528.7,False
888,-125.2304,2.7704,535.8,True
889,-125.2225,2.7396,529.9,False
890,-125.2231,2.7622,534.2,False
891,-125.2231,2.8210,545.6,False
892,-125.2235,2.8212,545.6,False
893,-125.2239,2.8608,553.3,False
894,-125.2245,2.8650,554.1,False
895,-125.2247,2.9518,570.9,False
896,-125.2251,2.9506,570.7,False
897,-125.2251,3.0068,581.5,False
898,-125.2297,3.0903,597.7,True
899,-125.2241,3.1296,605.3,False
900,-125.2239,3.1221,603.8,False
901,-125.2249,3.1358,606.5,False
902,-125.2262,3.1428,607.8,False
903,-125.2272,3.1009,599.7,False
904,-125.2278,3.1945,617.9,False
905,-125.2277,3.1792,614.9,False
906,-125.2273,3.1915,617.3,False
907,-125.2266,3.2244,623.6,False
908,-125.2331,3.1937,617.7,True
909,-125.2261,3.1624,611.6,False
910,-125.2262,3.1111,601.7,False
911,-125.2258,3.0810,595.9,False
912,-125.2252,3.1343,606.2,False
913,-125.2238,3.0450,588.9,False
914,-125.2229,3.0378,587.5,False
915,-125.2213,3.0514,590.2,False
916,-125.2194,3.0809,595.9,False
917,-125.2178,3.0775,595.2,False
918,-125.2261,3.0334,586.7,True
919,-125.2126,3.0729,594.3,False
920,-125.2087,3.1065,600.8,False
921,-125.2042,3.0952,598.6,False
922,-125.1995,3.0381,587.6,False
923,-125.1944,3.0120,582.5,False
924,-125.1892,2.9770,575.8,False
925,-125.1827,2.8674,554.6,False
926,-125.1758,2.8966,560.2,False
927,-125.1696,2.8717,555.4,False
928,-125.1779,2.8867,558.3,True
929,-125.1577,2.8541,552.0,False
930,-125.1506,2.7926,540.1,False
931,-125.1436,2.8134,544.1,False
932,-125.1357,2.8108,543.6,False
933,-125.1283,2.8261,546.6,False
934,-125.1215,2.7538,532.6,False
935,-125.1159,2.7498,531.8,False
936,-125.1105,2.7649,534.8,False
937,-125.1045,2.8565,552.5,False
938,-125.1110,2.8622,553.6,True
939,-125.0920,2.8054,542.6,False
940,-125.0848,2.8279,546.9,False
941,-125.0780,2.8726,555.6,False
942,-125.0711,2.9223,565.2,False
943,-125.0643,2.9245,565.6,False
944,-125.0568,2.8836,557.7,False
945,-125.0491,2.8770,556.4,False
946,-125.0420,2.8313,547.6,False
947,-125.0352,2.7613,534.1,False
948,-125.0420,2.7168,525.5,True
949,-125.0218,2.6354,509.7,False
950,-125.0145,2.6136,505.5,False
951,-125.0076,2.6497,512.5,False
952,-125.0009,2.6119,505.2,False
953,-124.9951,2.6051,503.9,False
954,-124.9889,2.6088,504.6,False
955,-124.9817,2.6074,504.3,False
956,-124.9756,2.6263,507.9,False
957,-124.9704,2.5619,495.5,False
958,-124.9790,2.5101,485.5,True
959,-124.9609,2.4315,470.3,False
960,-124.9565,2.4351,471.0,False
961,-124.9534,2.3699,458.4,False
962,-124.9524,2.3659,457.6,False
963,-124.9522,2.3429,453.1,False
964,-124.9526,2.3598,456.4,False
965,-124.9543,2.3986,463.9,False
966,-124.9568,2.3107,446.9,False
967,-124.9598,2.3429,453.1,False
968,-124.9740,2.3187,448.5,True
969,-124.9628,2.2897,442.8,False
970,-124.9648,2.3649,457.4,False
971,-124.9683,2.3992,464.0,False
972,-124.9738,2.3930,462.8,False
973,-124.9807,2.4166,467.4,False
974,-124.9886,2.3941,463.0,False
975,-124.9983,2.4017,464.5,False
976,-125.0095,2.4705,477.8,False
977,-125.0211,2.3973,463.7,False
978,-125.0406,2.4657,476.9,True
979,-125.0414,2.4172,467.5,False
980,-125.0516,2.3774,459.8,False
981,-125.0619,2.3978,463.7,False
982,-125.0721,2.3706,458.5,False
983,-125.0830,2.3938,463.0,False
984,-125.0942,2.4179,467.6,False
985,-125.1061,2.5472,492.6,False
986,-125.1183,2.5799,499.0,False
987,-125.1317,2.6722,516.8,False
988,-125.1522,2.6768,517.7,True
989,-125.1607,2.6620,514.9,False
990,-125.1756,2.7285,527.7,False
991,-125.1896,2.7199,526.0,False
992,-125.2032,2.7369,529.3,False
993,-125.2170,2.7954,540.7,False
994,-125.2311,2.8831,557.6,False
995,-125.2449,2.9069,562.2,False
996,-125.2582,2.9270,566.1,False
997,-125.2708,2.9227,565.3,False
998,-125.2910,2.9458,569.7,True
999,-125.2951,2.9494,570.4,False
1000,-125.3064,2.8934,559.6,False
1001,-125.3176,2.9233,565.4,False
1002,-125.3286,3.0121,582.6,False
1003,-125.3385,3.0879,597.2,False
1004,-125.3478,3.0827,596.2,False
1005,-125.3571,3.1279,605.0,False
1006,-125.3665,3.1460,608.5,False
1007,-125.3748,3.1519,609.6,False
1008,-125.4005,3.1847,616.0,True
1009,-125.3886,3.2307,624.8,False
1010,-125.3948,3.3411,646.2,False
1011,-125.4005,3.3936,656.4,False
1012,-125.4054,3.3858,654.8,False
1013,-125.4098,3.3026,638.7,False
1014,-125.4138,3.3477,647.5,False
1015,-125.4175,3.2684,632.1,False
1016,-125.4210,3.2515,628.9,False
1017,-125.4237,3.3224,642.6,False
1018,-125.4618,3.3484,647.6,True
1019,-125.4288,3.3627,650.4,False
1020,-125.4302,3.3814,654.0,False
1021,-125.4301,3.4160,660.7,False
1022,-125.4294,3.3852,654.7,False
1023,-125.4275,3.4086,659.2,False
1024,-125.4253,3.3752,652.8,False
1025,-125.4219,3.3275,643.6,False
1026,-125.4180,3.3196,642.0,False
1027,-125.4138,3.3002,638.3,False
1028,-125.4697,3.2529,629.1,True
1029,-125.4047,3.2285,624.4,False
1030,-125.3999,3.1971,618.4,False
1031,-125.3947,3.0470,589.3,False
1032,-125.3894,3.1166,602.8,False
1033,-125.3845,3.2229,623.3,False
1034,-125.3803,3.3348,645.0,False
1035,-125.3758,3.2686,632.2,False
1036,-125.3708,3.1873,616.5,False
1037,-125.3657,3.2093,620.7,False
1038,-125.4477,3.2032,619.5,True
1039,-125.3549,3.2771,633.8,False
1040,-125.3493,3.2436,627.3,False
1041,-125.3439,3.1429,607.9,False
1042,-125.3378,3.1923,617.4,False
1043,-125.3313,3.1830,615.6,False
1044,-125.3247,3.1235,604.1,False
1045,-125.3188,3.1058,600.7,False
1046,-125.3136,3.1569,610.6,False
1047,-125.3086,3.2433,627.3,False
1048,-125.4166,3.2036,619.6,True
1049,-125.2985,3.2024,619.4,False
1050,-125.2935,3.1424,607.8,False
1051,-125.2886,3.0745,594.6,False
1052,-125.2835,3.1428,607.9,False
1053,-125.2777,3.1947,617.9,False
1054,-125.2713,3.2393,626.5,False
1055,-125.2651,3.2616,630.8,False
1056,-125.2591,3.2334,625.4,False
1057,-125.2532,3.1764,614.3,False
1058,-125.3827,3.2354,625.7,True
1059,-125.2411,3.3504,648.0,False
1060,-125.2361,3.4157,660.6,False
1061,-125.2314,3.4243,662.3,False
1062,-125.2267,3.3534,648.6,False
1063,-125.2222,3.3563,649.1,False
1064,-125.2181,3.4057,658.7,False
1065,-125.2133,3.3403,646.0,False
1066,-125.2085,3.3046,639.1,False
1067,-125.2044,3.3722,652.2,False
1068,-125.3554,3.3639,650.6,True
1069,-125.1968,3.3806,653.8,False
1070,-125.1943,3.3918,656.0,False
1071,-125.1917,3.3520,648.3,False
1072,-125.1898,3.3696,651.7,False
1073,-125.1877,3.3850,654.7,False
1074,-125.1859,3.4131,660.1,False
1075,-125.1845,3.4551,668.2,False
1076,-125.1839,3.4582,668.8,False
1077,-125.1834,3.4954,676.0,False
1078,-125.3560,3.5077,678.4,True
1079,-125.1818,3.4698,671.1,False
1080,-125.1810,3.4387,665.1,False
1081,-125.1801,3.4226,662.0,False
1082,-125.1794,3.4099,659.5,False
1083,-125.1786,3.4229,662.0,False
1084,-125.1778,3.4044,658.4,False
1085,-125.1765,3.3502,648.0,False
1086,-125.1745,3.4273,662.9,False
1087,-125.1714,3.3338,644.8,False
1088,-125.3527,3.3061,639.4,True
1089,-125.1638,3.2828,634.9,False
1090,-125.1605,3.3133,640.8,False
1091,-125.1580,3.3122,640.6,False
1092,-125.1550,3.2777,633.9,False
1093,-125.1526,3.2211,623.0,False
1094,-125.1500,3.2705,632.5,False
1095,-125.1464,3.1125,602.0,False
1096,-125.1422,3.0805,595.8,False
1097,-125.1387,3.1443,608.1,False
1098,-125.3237,3.1398,607.3,True
1099,-125.1309,3.0598,591.8,False
1100,-125.1274,3.0332,586.7,False
1101,-125.1232,3.1189,603.2,False
1102,-125.1183,3.0770,595.1,False
1103,-125.1134,3.1540,610.0,False
1104,-125.1087,3.1799,615.0,False
1105,-125.1034,3.1721,613.5,False
1106,-125.0978,3.0906,597.7,False
1107,-125.0921,3.1183,603.1,False
1108,-125.2699,3.1125,602.0,True
1109,-125.0814,3.0959,598.8,False
1110,-125.0752,3.1315,605.7,False
1111,-125.0692,3.0876,597.2,False
1112,-125.0623,3.1606,611.3,False
1113,-125.0552,3.1301,605.4,False
1114,-125.0480,3.1429,607.9,False
1115,-125.0409,3.1296,605.3,False
1116,-125.0347,3.1269,604.8,False
1117,-125.0281,3.1239,604.2,False
1118,-125.2007,3.1610,611.4,True
1119,-125.0169,3.1820,615.4,False
1120,-125.0113,3.1169,602.8,False
1121,-125.0056,3.1724,613.6,False
1122,-124.9993,3.1309,605.5,False
1123,-124.9926,3.1880,616.6,False
1124,-124.9864,3.1820,615.4,False
1125,-124.9811,3.1814,615.3,False
1126,-124.9757,3.0924,598.1,False
1127,-124.9712,3.1181,603.1,False
1128,-125.1394,3.0875,597.1,True
